iter	Logloss
0	0.577283524
500	0.05013085439
1000	0.04369741764
1500	0.03878372347
